,Fit,A,mu,sigma,gamma,RMSE,Nb_obs,Feature,Layer_second,Bin_width,Population_used,Population
0,Skewed Gaussian,4.910829917487002,0.1589986120018444,0.0933182313492437,2.2524792256067383,2.1521098540381733,170,Gain,5,0.03,Per_layer,Excitatory
1,Skewed Gaussian,9.347382879270112,0.1956841520721239,0.1084847456154678,1.2267354076443449,5.510410191727245,276,Gain,4,0.03,Per_layer,Excitatory
2,Skewed Gaussian,2.0463555320395574,0.1920622106993213,0.1434711859206537,2.682267594554183,1.9839942178505008,56,Gain,6,0.03,Per_layer,Excitatory
3,Skewed Gaussian,1.8988138864600037,0.3874781493578389,0.1622495113010146,-1.652491749684791,1.165574504099638,58,Gain,2/3,0.03,Per_layer,Excitatory
4,Skewed Gaussian,9746.019630056537,34.16847518347651,77.37888581157046,5.021314676434489,5.623483060510375,560,Threshold,5,17.87,All_layer,Excitatory
5,Skewed Gaussian,9746.019630056537,34.16847518347651,77.37888581157046,5.021314676434489,5.623483060510375,560,Threshold,4,17.87,All_layer,Excitatory
6,Skewed Gaussian,9746.019630056537,34.16847518347651,77.37888581157046,5.021314676434489,5.623483060510375,560,Threshold,6,17.87,All_layer,Excitatory
7,Skewed Gaussian,9746.019630056537,34.16847518347651,77.37888581157046,5.021314676434489,5.623483060510375,560,Threshold,2/3,17.87,All_layer,Excitatory
8,Skewed Gaussian,3.783044553589902,0.1303768758145418,0.0874407279436065,1.3103014459044828,2.531300507895256,176,Input_Resistance_GOhms,5,0.02,Per_layer,Excitatory
9,Skewed Gaussian,6.387711777857902,0.1515410662944031,0.0842954409241555,1.7583667527953113,2.7794763676347443,287,Input_Resistance_GOhms,4,0.02,Per_layer,Excitatory
10,LogNormal,1.3030237229841146,-1.6370303536459858,0.4369764890968755,,1.1236908473133345,58,Input_Resistance_GOhms,6,0.02,Per_layer,Excitatory
11,Gaussian,1.4082896560906295,0.1913373211190283,0.0809682047494717,,1.6836061654786267,60,Input_Resistance_GOhms,2/3,0.02,Per_layer,Excitatory
12,Skewed Gaussian,365.88353607611594,29.526699630140424,12.349996580562769,-4.352446928080588,2.3806970183757827,176,Time_constant_ms,5,1.84,Per_layer,Excitatory
13,Skewed Gaussian,553.6075055091214,17.65058282590981,6.779519078281236,1.557054668276193,1.8092227656960895,287,Time_constant_ms,4,1.84,Per_layer,Excitatory
14,Skewed Gaussian,113.58502137217948,11.58917868035426,10.299582657102318,8.021063718077283,1.033369418645809,58,Time_constant_ms,6,1.84,Per_layer,Excitatory
15,Gaussian,118.7535908999114,20.925366005120427,5.060124282601932,,2.41596954620545,60,Time_constant_ms,2/3,1.84,Per_layer,Excitatory
16,LogNormal,54.98619653178434,0.9543912104113228,0.2914676063330029,,2.457810258105162,175,Adaptation_index,5,0.33,Per_layer,Excitatory
17,LogNormal,90.12115419467828,1.071340897955532,0.2543810773901512,,2.6265338691617988,285,Adaptation_index,4,0.33,Per_layer,Excitatory
18,Skewed Gaussian,16.785698615577875,0.6732101891328401,3.903510996328954,171850.46432336376,1.1116658020734818,55,Adaptation_index,6,0.33,Per_layer,Excitatory
19,Skewed Gaussian,22.077652248738246,0.7232793490605856,1.524927632331618,65440.80417942447,1.5947813239887572,60,Adaptation_index,2/3,0.33,Per_layer,Excitatory
20,Skewed Gaussian,77.480932498173,0.0905648099406924,0.4893277957560813,10.421356867832372,5.039966916814306,699,Gain,4,0.13,All_layer,Inhibitory
21,Skewed Gaussian,77.480932498173,0.0905648099406924,0.4893277957560813,10.421356867832372,5.039966916814306,699,Gain,5,0.13,All_layer,Inhibitory
22,Skewed Gaussian,77.480932498173,0.0905648099406924,0.4893277957560813,10.421356867832372,5.039966916814306,699,Gain,2/3,0.13,All_layer,Inhibitory
23,Skewed Gaussian,77.480932498173,0.0905648099406924,0.4893277957560813,10.421356867832372,5.039966916814306,699,Gain,6,0.13,All_layer,Inhibitory
24,Skewed Gaussian,77.480932498173,0.0905648099406924,0.4893277957560813,10.421356867832372,5.039966916814306,699,Gain,1,0.13,All_layer,Inhibitory
25,LogNormal,4091.752238777307,4.967429771310206,1.0896571141775395,,2.258871099775664,104,Threshold,4,31.03,Per_layer,Inhibitory
26,LogNormal,7068.26790161549,4.759494372415684,0.6857160500929738,,2.748510698341,229,Threshold,5,31.03,Per_layer,Inhibitory
27,Skewed Gaussian,6577.793483232383,13.965324900911137,160.82887678628,14.939282731122884,1.669510368798345,204,Threshold,2/3,31.03,Per_layer,Inhibitory
28,LogNormal,3390.126500925277,4.657792605300699,0.6518723025006201,,1.9844062252937396,111,Threshold,6,31.03,Per_layer,Inhibitory
29,Skewed Gaussian,1757.0794490839444,71.30380599662527,71.66564495738224,1.2231536706290815,0.8699879512093756,51,Threshold,1,31.03,Per_layer,Inhibitory
30,Skewed Gaussian,5.189905113231315,0.0656728937906982,0.1442704694481992,8.126646411231517,2.413941706406816,161,Input_Resistance_GOhms,4,0.03,Per_layer,Inhibitory
31,Skewed Gaussian,9.303538364386648,0.0719079759638889,0.1806885401417011,12.80123079226034,3.4212508880564925,298,Input_Resistance_GOhms,5,0.03,Per_layer,Inhibitory
32,Skewed Gaussian,8.649385647671442,0.0583109063451805,0.171532018015272,9.648089992278353,2.404176862885327,253,Input_Resistance_GOhms,2/3,0.03,Per_layer,Inhibitory
33,Skewed Gaussian,4.693204050739094,0.0801355707662431,0.1966786365295287,11.26998546380652,2.4031054844342115,140,Input_Resistance_GOhms,6,0.03,Per_layer,Inhibitory
34,LogNormal,1.82237812948446,-1.6039789479796631,0.416919746844238,,1.0252875139747324,53,Input_Resistance_GOhms,1,0.03,Per_layer,Inhibitory
35,Skewed Gaussian,255.63994917450603,4.725439783462771,6.792934794722523,9.219804555599032,3.223237554117603,161,Time_constant_ms,4,1.71,Per_layer,Inhibitory
36,Skewed Gaussian,515.6643431078867,4.052423777524284,12.56411821447901,139565.28709368687,5.709647665150286,298,Time_constant_ms,5,1.71,Per_layer,Inhibitory
37,Skewed Gaussian,436.06871338001145,11.737066501481502,3.7820287139360538,-1.1775202690771809,4.014919239827467,253,Time_constant_ms,2/3,1.71,Per_layer,Inhibitory
38,Skewed Gaussian,231.49290046728828,5.801954412062311,8.94926713349383,8.228208115331123,2.038073424814252,140,Time_constant_ms,6,1.71,Per_layer,Inhibitory
39,Skewed Gaussian,98.33557700407772,7.6322971329118925,3.1175251180676113,2.605606254249623,0.8803075415229697,53,Time_constant_ms,1,1.71,Per_layer,Inhibitory
40,LogNormal,853.7715305707356,2.0207188767678104,0.6638723970365994,,3.0219144485337677,131,Adaptation_index,4,6.51,Per_layer,Inhibitory
41,LogNormal,1963.2992712559185,1.8081638811703251,0.5531185428403396,,4.181657162496292,263,Adaptation_index,5,6.51,Per_layer,Inhibitory
42,LogNormal,1539.5568680866877,1.874784521674979,0.5907668409128308,,2.4969827770566058,204,Adaptation_index,2/3,6.51,Per_layer,Inhibitory
43,LogNormal,840.6065669594944,1.8002993077361749,0.5164216980958408,,2.2935756306981525,120,Adaptation_index,6,6.51,Per_layer,Inhibitory
44,LogNormal,221.3152182145473,2.333035437302687,0.8314739060944042,,1.112553177194582,37,Adaptation_index,1,6.51,Per_layer,Inhibitory
45,Skewed Gaussian,80.97875921639134,0.3277112234349202,1.1325094718077051,93934.62828672698,3.06176793272111,201,Gain,4,0.44,All_layer,Fast-Spiking
46,Skewed Gaussian,80.97875921639134,0.3277112234349202,1.1325094718077051,93934.62828672698,3.06176793272111,201,Gain,5,0.44,All_layer,Fast-Spiking
47,Skewed Gaussian,80.97875921639134,0.3277112234349202,1.1325094718077051,93934.62828672698,3.06176793272111,201,Gain,6,0.44,All_layer,Fast-Spiking
48,Skewed Gaussian,80.97875921639134,0.3277112234349202,1.1325094718077051,93934.62828672698,3.06176793272111,201,Gain,2/3,0.44,All_layer,Fast-Spiking
49,Skewed Gaussian,18634.623380237965,168.68795647120174,167.55477570304166,0.3671018362357583,9.341204271871137,201,Threshold,4,79.09,All_layer,Fast-Spiking
50,Skewed Gaussian,18634.623380237965,168.68795647120174,167.55477570304166,0.3671018362357583,9.341204271871137,201,Threshold,5,79.09,All_layer,Fast-Spiking
51,Skewed Gaussian,18634.623380237965,168.68795647120174,167.55477570304166,0.3671018362357583,9.341204271871137,201,Threshold,6,79.09,All_layer,Fast-Spiking
52,Skewed Gaussian,18634.623380237965,168.68795647120174,167.55477570304166,0.3671018362357583,9.341204271871137,201,Threshold,2/3,79.09,All_layer,Fast-Spiking
53,Skewed Gaussian,1.8275662813581364,0.0758372471309874,0.0583459210295876,1.9447476666026409,1.4618514140202847,86,Input_Resistance_GOhms,4,0.02,Per_layer,Fast-Spiking
54,Skewed Gaussian,2.4675145086362895,0.0719136239407217,0.0862369268820315,69094.48038457842,2.417308972653313,141,Input_Resistance_GOhms,5,0.02,Per_layer,Fast-Spiking
55,LogNormal,0.8687753815895927,-2.05739044073969,0.3890295874314019,,0.9585878913973233,48,Input_Resistance_GOhms,6,0.02,Per_layer,Fast-Spiking
56,LogNormal,1.1352459547125386,-2.4588442798386585,0.3272056126497694,,1.8359990897169205,64,Input_Resistance_GOhms,2/3,0.02,Per_layer,Fast-Spiking
57,Skewed Gaussian,-99.64337162350655,5.101822003653395,-2.5559319215489364,-3.7407828016544897,1.4320345547265951,86,Time_constant_ms,4,1.15,Per_layer,Fast-Spiking
58,Skewed Gaussian,122.50306257573163,5.0866119181299885,3.2382908634554264,7.71788713236424,2.3051422834251567,141,Time_constant_ms,5,1.15,Per_layer,Fast-Spiking
59,Skewed Gaussian,45.72342307400482,5.496394423941762,3.1930052187722895,3.884652998065713,1.1202350611008467,48,Time_constant_ms,6,1.15,Per_layer,Fast-Spiking
60,Skewed Gaussian,80.97049178130726,3.773473032466359,4.026149776951589,15014.605480806114,2.1277525395515036,64,Time_constant_ms,2/3,1.15,Per_layer,Fast-Spiking
61,LogNormal,2132.2904476541203,3.1605974964683936,1.0369220623053412,,1.5377830321028136,68,Adaptation_index,4,20.85,Per_layer,Fast-Spiking
62,LogNormal,4374.269022829129,2.8090150612527167,0.8867290245996714,,0.7778037905360545,128,Adaptation_index,5,20.85,Per_layer,Fast-Spiking
63,Skewed Gaussian,1017.4463489903997,-9.751795891245454,41.637570044332655,23697.838610708288,1.1463019461662205,43,Adaptation_index,6,20.85,Per_layer,Fast-Spiking
64,LogNormal,1301.67560896762,2.786615887125941,0.8822411000914528,,1.0069320436944085,44,Adaptation_index,2/3,20.85,Per_layer,Fast-Spiking
65,LogNormal,12.708806381669415,-1.0116866537368452,0.6088522607242565,,2.891817662496889,163,Gain,2/3,0.08,Per_layer,Non Fast-Spiking
66,LogNormal,4.951308059429632,-1.1488944209863885,0.7506047700712357,,1.70190184334084,58,Gain,4,0.08,Per_layer,Non Fast-Spiking
67,Skewed Gaussian,9.892403081390237,0.1095849396348767,0.3199275400675415,5.566223299540066,1.7987164320517144,129,Gain,5,0.08,Per_layer,Non Fast-Spiking
68,LogNormal,6.155553074091568,-1.002277642441748,0.510536836365463,,2.3020794713583665,80,Gain,6,0.08,Per_layer,Non Fast-Spiking
69,Skewed Gaussian,4.181676833670188,0.3182210549365394,0.2899249463071797,3.313710985464495,1.900168019932444,51,Gain,1,0.08,Per_layer,Non Fast-Spiking
70,Skewed Gaussian,4316.82548052793,11.387577800902324,135.96574631767294,151430.64458223988,3.1921976419454494,163,Threshold,2/3,23.47,Per_layer,Non Fast-Spiking
71,Skewed Gaussian,1638.0461460500708,13.6552149382608,102.09019286227468,7.547882017845508,1.3738071789155384,58,Threshold,4,23.47,Per_layer,Non Fast-Spiking
72,Skewed Gaussian,3306.345155755008,20.324798542477545,80.40040181298534,3.250714305790932,1.0848876065471829,129,Threshold,5,23.47,Per_layer,Non Fast-Spiking
73,Skewed Gaussian,2035.7372307957496,9.087871961827211,95.73842139835412,11.955898556915864,1.9563563017976424,80,Threshold,6,23.47,Per_layer,Non Fast-Spiking
74,Skewed Gaussian,1170.2669131422117,59.79656113537183,90.5382206510645,8.669743191313685,1.2116319522912644,51,Threshold,1,23.47,Per_layer,Non Fast-Spiking
75,Skewed Gaussian,6.020746016031306,0.0913552172590607,0.1587857419347567,8.350636502009671,3.0881629672073947,177,Input_Resistance_GOhms,2/3,0.03,Per_layer,Non Fast-Spiking
76,Skewed Gaussian,-2.1188594241748797,0.152284389114485,-0.1250653208370686,-3.7454540253021618,2.418010797262504,65,Input_Resistance_GOhms,4,0.03,Per_layer,Non Fast-Spiking
77,Skewed Gaussian,4.517166282326774,0.1586546680686529,0.1335567362532,1.6772321358312223,2.660435573830418,142,Input_Resistance_GOhms,5,0.03,Per_layer,Non Fast-Spiking
78,Skewed Gaussian,3.0317671714369876,0.1608948485907274,0.1215709243640633,2.750760855360576,1.76271233560248,88,Input_Resistance_GOhms,6,0.03,Per_layer,Non Fast-Spiking
79,LogNormal,1.82237812948446,-1.6039789479796631,0.416919746844238,,1.0252875139747324,53,Input_Resistance_GOhms,1,0.03,Per_layer,Non Fast-Spiking
80,LogNormal,415.6577368730616,2.3375522974691223,0.2642417008610328,,1.8919232606885257,177,Time_constant_ms,2/3,2.22,Per_layer,Non Fast-Spiking
81,Skewed Gaussian,139.1729884650038,9.31936577668749,7.39244084197761,39928.01557647562,1.708117935112795,65,Time_constant_ms,4,2.22,Per_layer,Non Fast-Spiking
82,Skewed Gaussian,338.86048346538814,7.693924708836563,18.51920400105266,13585.234406888503,3.0868419174796973,142,Time_constant_ms,5,2.22,Per_layer,Non Fast-Spiking
83,LogNormal,196.49486858765997,2.6197105435609314,0.3198598847693168,,2.6098156790078995,88,Time_constant_ms,6,2.22,Per_layer,Non Fast-Spiking
84,LogNormal,132.45386253516685,2.2714696799235585,0.2052790597526382,,0.8653562145245066,53,Time_constant_ms,1,2.22,Per_layer,Non Fast-Spiking
85,Skewed Gaussian,298.2277121499542,-0.7377002322730308,4.509559825877589,107557.0341162375,2.6026217550224366,156,Adaptation_index,2/3,1.74,Per_layer,Non Fast-Spiking
86,LogNormal,105.38816702979707,1.3353995857541754,0.5143194128436167,,1.3728684472112074,59,Adaptation_index,4,1.74,Per_layer,Non Fast-Spiking
87,LogNormal,204.3103073071256,1.450341116212496,0.3586479581877853,,2.340085748561555,128,Adaptation_index,5,1.74,Per_layer,Non Fast-Spiking
88,LogNormal,124.35753069885844,1.3645514133014516,0.4360160515497868,,0.9893260429278332,76,Adaptation_index,6,1.74,Per_layer,Non Fast-Spiking
89,LogNormal,52.56619279736015,2.122949196553552,0.9965898537873832,,1.3281689284654683,37,Adaptation_index,1,1.74,Per_layer,Non Fast-Spiking
90,Skewed Gaussian,15.489229479639553,0.1176355115076457,0.2936303767882106,114178.6240610526,2.4051016606370115,133,Gain,2/3,0.13,All_layer,Htr3a
91,Skewed Gaussian,15.489229479639553,0.1176355115076457,0.2936303767882106,114178.6240610526,2.4051016606370115,133,Gain,5,0.13,All_layer,Htr3a
92,Skewed Gaussian,15.489229479639553,0.1176355115076457,0.2936303767882106,114178.6240610526,2.4051016606370115,133,Gain,4,0.13,All_layer,Htr3a
93,Skewed Gaussian,15.489229479639553,0.1176355115076457,0.2936303767882106,114178.6240610526,2.4051016606370115,133,Gain,1,0.13,All_layer,Htr3a
94,Skewed Gaussian,15.489229479639553,0.1176355115076457,0.2936303767882106,114178.6240610526,2.4051016606370115,133,Gain,6,0.13,All_layer,Htr3a
95,LogNormal,7451.243271914499,5.0824810050387415,0.5209200471913319,,1.3592253891874035,133,Threshold,2/3,46.97,All_layer,Htr3a
96,LogNormal,7451.243271914499,5.0824810050387415,0.5209200471913319,,1.3592253891874035,133,Threshold,5,46.97,All_layer,Htr3a
97,LogNormal,7451.243271914499,5.0824810050387415,0.5209200471913319,,1.3592253891874035,133,Threshold,4,46.97,All_layer,Htr3a
98,LogNormal,7451.243271914499,5.0824810050387415,0.5209200471913319,,1.3592253891874035,133,Threshold,1,46.97,All_layer,Htr3a
99,LogNormal,7451.243271914499,5.0824810050387415,0.5209200471913319,,1.3592253891874035,133,Threshold,6,46.97,All_layer,Htr3a
100,Skewed Gaussian,3.984361714080569,0.0706043680965453,0.1457091446166181,8.062824211139507,0.5588606633269078,69,Input_Resistance_GOhms,2/3,0.05,Per_layer,Htr3a
101,LogNormal,2.4661308586960233,-1.464633995657877,0.638695264474918,,0.9593424216268096,42,Input_Resistance_GOhms,5,0.05,Per_layer,Htr3a
102,Skewed Gaussian,1.557139168007933,0.1276053269519737,0.2165392336602056,4.4940271644637715,1.734287864779532,22,Input_Resistance_GOhms,4,0.05,Per_layer,Htr3a
103,Skewed Gaussian,0.3921270366668923,0.0870670560245759,0.1521981025171608,52321.40734130672,0.2152066927585942,5,Input_Resistance_GOhms,1,0.05,Per_layer,Htr3a
104,Skewed Gaussian,0.7044692566355243,0.2955129359650842,0.1295209581156334,-3.0200489523702188,0.7266517981969103,11,Input_Resistance_GOhms,6,0.05,Per_layer,Htr3a
105,LogNormal,214.37298693446488,2.2626016051636704,0.2575446717290617,,0.8164994816827622,69,Time_constant_ms,2/3,2.52,Per_layer,Htr3a
106,Skewed Gaussian,83.01933574135856,6.379437239869636,3.611559184504515,70965.4821018083,2.297692159901626,42,Time_constant_ms,5,2.52,Per_layer,Htr3a
107,Skewed Gaussian,48.777182329390385,16.741162694659227,4.094197484154981,-1.9155627401911228,1.1103209988528755,22,Time_constant_ms,4,2.52,Per_layer,Htr3a
108,Skewed Gaussian,32.815441175732296,7.18240633992191,14.2438517859993,16.929187707812094,0.5219603134777596,11,Time_constant_ms,6,2.52,Per_layer,Htr3a
109,LogNormal,275.1973982427477,1.660371640813265,0.4851030894722368,,1.599154409855018,132,Adaptation_index,2/3,2.28,All_layer,Htr3a
110,LogNormal,275.1973982427477,1.660371640813265,0.4851030894722368,,1.599154409855018,132,Adaptation_index,5,2.28,All_layer,Htr3a
111,LogNormal,275.1973982427477,1.660371640813265,0.4851030894722368,,1.599154409855018,132,Adaptation_index,4,2.28,All_layer,Htr3a
112,LogNormal,275.1973982427477,1.660371640813265,0.4851030894722368,,1.599154409855018,132,Adaptation_index,1,2.28,All_layer,Htr3a
113,LogNormal,275.1973982427477,1.660371640813265,0.4851030894722368,,1.599154409855018,132,Adaptation_index,6,2.28,All_layer,Htr3a
114,Skewed Gaussian,17.641748595512155,0.7601018870668689,1.6019613699858153,62784.670393702545,0.8231392775401957,31,Gain,4,0.58,Per_layer,Pvalb
115,LogNormal,32.05534805893151,1.0961832019719964,0.4579665106539753,,2.207693391325476,53,Gain,5,0.58,Per_layer,Pvalb
116,LogNormal,23.312918723114542,0.3913294592910952,1.7591713810839575,,0.9887777167403026,25,Gain,6,0.58,Per_layer,Pvalb
117,Skewed Gaussian,21.53757692789057,0.360044930057233,0.9126525581095888,2.7620673178468067,0.5462082257910023,34,Gain,2/3,0.58,Per_layer,Pvalb
118,Gaussian,2480.852745946394,269.5517567941826,95.21614720678856,,1.0973458293495757,31,Threshold,4,65.23,Per_layer,Pvalb
119,Gaussian,4094.0412681030143,287.5785084638584,129.30851488986207,,0.436375967094408,53,Threshold,5,65.23,Per_layer,Pvalb
120,Gaussian,77.42441510497173,107.23034958158344,2.598647635073555,,2.3717082451262845,25,Threshold,6,65.23,Per_layer,Pvalb
121,Skewed Gaussian,49.185682225607394,106.29692054955828,3.871480398606225,-18.957599929157297,2.3717082451262845,25,Threshold,6,65.23,Per_layer,Pvalb
122,Gaussian,2219.2223321123497,267.85386750045404,88.54622783458886,,1.5018538304870876,34,Threshold,2/3,65.23,Per_layer,Pvalb
123,LogNormal,1.7229589007948034,-2.174106179102853,0.346349700128928,,2.0810204739886347,70,Input_Resistance_GOhms,4,0.02,Per_layer,Pvalb
124,Skewed Gaussian,1.9498442584777056,0.0791660211037116,0.0561143250460745,3.762342585812269,1.2890363790477437,93,Input_Resistance_GOhms,5,0.02,Per_layer,Pvalb
125,Skewed Gaussian,0.8357036795654774,0.0737878477590588,0.1060706121027979,48303.20892624042,1.7464460279890577,38,Input_Resistance_GOhms,6,0.02,Per_layer,Pvalb
126,Skewed Gaussian,1.3004611360265863,0.0637103511070838,0.0356025548972304,1.3674801459817134,1.7192070687537673,62,Input_Resistance_GOhms,2/3,0.02,Per_layer,Pvalb
127,Skewed Gaussian,68.01389071187373,6.0327442904466455,1.6388700729549894,1.0194753862914674,1.1417016549333263,70,Time_constant_ms,4,0.8,Per_layer,Pvalb
128,Skewed Gaussian,87.67928955271563,5.239471038780421,2.8420952586949175,4.392547604079509,0.7719792593322482,93,Time_constant_ms,5,0.8,Per_layer,Pvalb
129,Skewed Gaussian,36.50890454019959,5.452127395858095,5.128695809269378,4.238721958157295,1.1562659102925432,38,Time_constant_ms,6,0.8,Per_layer,Pvalb
130,Skewed Gaussian,52.81282085338804,4.806614455597021,2.6249212483316433,31468.507479956905,2.143093413684855,62,Time_constant_ms,2/3,0.8,Per_layer,Pvalb
131,Skewed Gaussian,23327.182709770972,-62.68550463158369,135.34004393350364,1847.295957665419,1.3894469123224262,199,Adaptation_index,4,137.54,All_layer,Pvalb
132,Skewed Gaussian,23327.182709770972,-62.68550463158369,135.34004393350364,1847.295957665419,1.3894469123224262,199,Adaptation_index,5,137.54,All_layer,Pvalb
133,Skewed Gaussian,23327.182709770972,-62.68550463158369,135.34004393350364,1847.295957665419,1.3894469123224262,199,Adaptation_index,6,137.54,All_layer,Pvalb
134,Skewed Gaussian,23327.182709770972,-62.68550463158369,135.34004393350364,1847.295957665419,1.3894469123224262,199,Adaptation_index,2/3,137.54,All_layer,Pvalb
135,Skewed Gaussian,24.19229855920911,0.1179959917981456,0.4829360372349995,116369.04236813408,3.891535793189605,184,Gain,5,0.14,All_layer,Sst
136,Skewed Gaussian,24.19229855920911,0.1179959917981456,0.4829360372349995,116369.04236813408,3.891535793189605,184,Gain,4,0.14,All_layer,Sst
137,Skewed Gaussian,24.19229855920911,0.1179959917981456,0.4829360372349995,116369.04236813408,3.891535793189605,184,Gain,2/3,0.14,All_layer,Sst
138,Skewed Gaussian,24.19229855920911,0.1179959917981456,0.4829360372349995,116369.04236813408,3.891535793189605,184,Gain,6,0.14,All_layer,Sst
139,Skewed Gaussian,24.19229855920911,0.1179959917981456,0.4829360372349995,116369.04236813408,3.891535793189605,184,Gain,1,0.14,All_layer,Sst
140,LogNormal,5176.356701775063,4.499322492954076,0.6337443384794235,,1.9940524632887664,184,Threshold,5,27.48,All_layer,Sst
141,LogNormal,5176.356701775063,4.499322492954076,0.6337443384794235,,1.9940524632887664,184,Threshold,4,27.48,All_layer,Sst
142,LogNormal,5176.356701775063,4.499322492954076,0.6337443384794235,,1.9940524632887664,184,Threshold,2/3,27.48,All_layer,Sst
143,LogNormal,5176.356701775063,4.499322492954076,0.6337443384794235,,1.9940524632887664,184,Threshold,6,27.48,All_layer,Sst
144,LogNormal,5176.356701775063,4.499322492954076,0.6337443384794235,,1.9940524632887664,184,Threshold,1,27.48,All_layer,Sst
145,Skewed Gaussian,11.81356957596643,0.1212682473187838,0.1665655042076492,3.9977541474439167,3.1739087969150552,212,Input_Resistance_GOhms,5,0.05,All_layer,Sst
146,Skewed Gaussian,11.81356957596643,0.1212682473187838,0.1665655042076492,3.9977541474439167,3.1739087969150552,212,Input_Resistance_GOhms,4,0.05,All_layer,Sst
147,Skewed Gaussian,11.81356957596643,0.1212682473187838,0.1665655042076492,3.9977541474439167,3.1739087969150552,212,Input_Resistance_GOhms,2/3,0.05,All_layer,Sst
148,Skewed Gaussian,11.81356957596643,0.1212682473187838,0.1665655042076492,3.9977541474439167,3.1739087969150552,212,Input_Resistance_GOhms,6,0.05,All_layer,Sst
149,Skewed Gaussian,11.81356957596643,0.1212682473187838,0.1665655042076492,3.9977541474439167,3.1739087969150552,212,Input_Resistance_GOhms,1,0.05,All_layer,Sst
150,Gaussian,653.175998776509,21.80768200840038,9.654226014383918,,2.2654701976743103,124,Time_constant_ms,5,4.74,Per_layer,Sst
151,Skewed Gaussian,130.30775809416303,8.62459730378823,10.092000605129538,3.286907624734771,0.5851710741130098,27,Time_constant_ms,4,4.74,Per_layer,Sst
152,Skewed Gaussian,173.73667191102115,5.726558473013336,11.478345882008837,43149.60032313252,1.1820689110087097,23,Time_constant_ms,2/3,4.74,Per_layer,Sst
153,LogNormal,197.61178986179436,2.9186595150093213,0.8188263131695859,,0.6657259417488459,35,Time_constant_ms,6,4.74,Per_layer,Sst
154,Skewed Gaussian,1162.010841190184,8.482635299917318,16.230871260551993,3.554354977542689,2.1775844424060793,212,Time_constant_ms,1,4.74,"Not enough value in population, take all layers",Sst
155,Skewed Gaussian,225.79815999164785,0.5028994697425638,2.721893363577113,3.197378234312117,1.478001973854807,115,Adaptation_index,5,2.07,Per_layer,Sst
156,LogNormal,48.039219516286735,0.6747033561515801,0.5001006803500516,,1.1236499784690503,23,Adaptation_index,4,2.07,Per_layer,Sst
157,LogNormal,36.86636787004686,1.4128505479568538,0.6701031930783998,,0.9624805369973158,20,Adaptation_index,2/3,2.07,Per_layer,Sst
158,LogNormal,54.61091676104649,1.5375890733539903,0.6366074044269733,,0.9358455313397585,32,Adaptation_index,6,2.07,Per_layer,Sst
159,LogNormal,361.68715254920886,1.5589281109191535,0.5149494513605862,,1.669883545876885,193,Adaptation_index,1,2.07,"Not enough value in population, take all layers",Sst
160,LogNormal,6.097380866058647,-1.429362247573602,0.8692196134414593,,0.3051310762738841,27,Gain,4,0.16,Per_layer,Vip
161,Skewed Gaussian,11.261091423242515,0.0696507838209008,0.3693827913891473,4.5072675694837985,1.770243196594086,69,Gain,2/3,0.16,Per_layer,Vip
162,Skewed Gaussian,-2.312513864684854,0.0187130575625876,-0.9244672626403664,-28.894862469540705,0.8412716500101076,15,Gain,5,0.16,Per_layer,Vip
163,Skewed Gaussian,5.455478039277892,0.1079465467576927,0.6753843981096774,4.236426482968246,1.3422731746299474,31,Gain,6,0.16,Per_layer,Vip
164,Skewed Gaussian,20.865622615231867,0.0695424543574529,0.4238806715269453,7.454420466199816,3.0757311027753005,143,Gain,1,0.16,"Not enough value in population, take all layers",Vip
165,LogNormal,4845.245128983964,4.497279557044136,0.5663823834595851,,4.159788444853301,143,Threshold,4,31.76,All_layer,Vip
166,LogNormal,4845.245128983964,4.497279557044136,0.5663823834595851,,4.159788444853301,143,Threshold,2/3,31.76,All_layer,Vip
167,LogNormal,4845.245128983964,4.497279557044136,0.5663823834595851,,4.159788444853301,143,Threshold,5,31.76,All_layer,Vip
168,LogNormal,4845.245128983964,4.497279557044136,0.5663823834595851,,4.159788444853301,143,Threshold,6,31.76,All_layer,Vip
169,LogNormal,4845.245128983964,4.497279557044136,0.5663823834595851,,4.159788444853301,143,Threshold,1,31.76,All_layer,Vip
170,Skewed Gaussian,8.172006488599317,0.216989400315189,0.0896234671922384,0.5779417919379116,2.5771133929279593,173,Input_Resistance_GOhms,4,0.04,All_layer,Vip
171,Skewed Gaussian,8.172006488599317,0.216989400315189,0.0896234671922384,0.5779417919379116,2.5771133929279593,173,Input_Resistance_GOhms,2/3,0.04,All_layer,Vip
172,Skewed Gaussian,8.172006488599317,0.216989400315189,0.0896234671922384,0.5779417919379116,2.5771133929279593,173,Input_Resistance_GOhms,5,0.04,All_layer,Vip
173,Skewed Gaussian,8.172006488599317,0.216989400315189,0.0896234671922384,0.5779417919379116,2.5771133929279593,173,Input_Resistance_GOhms,6,0.04,All_layer,Vip
174,Skewed Gaussian,8.172006488599317,0.216989400315189,0.0896234671922384,0.5779417919379116,2.5771133929279593,173,Input_Resistance_GOhms,1,0.04,All_layer,Vip
175,LogNormal,273.1129730483695,2.466551176996646,0.2615300858764171,,2.162833805486322,173,Time_constant_ms,4,1.57,All_layer,Vip
176,LogNormal,273.1129730483695,2.466551176996646,0.2615300858764171,,2.162833805486322,173,Time_constant_ms,2/3,1.57,All_layer,Vip
177,LogNormal,273.1129730483695,2.466551176996646,0.2615300858764171,,2.162833805486322,173,Time_constant_ms,5,1.57,All_layer,Vip
178,LogNormal,273.1129730483695,2.466551176996646,0.2615300858764171,,2.162833805486322,173,Time_constant_ms,6,1.57,All_layer,Vip
179,LogNormal,273.1129730483695,2.466551176996646,0.2615300858764171,,2.162833805486322,173,Time_constant_ms,1,1.57,All_layer,Vip
180,LogNormal,257.24439957270886,1.3727372939292284,0.4946753549376072,,1.4746009649154124,148,Adaptation_index,4,1.85,All_layer,Vip
181,LogNormal,257.24439957270886,1.3727372939292284,0.4946753549376072,,1.4746009649154124,148,Adaptation_index,2/3,1.85,All_layer,Vip
182,LogNormal,257.24439957270886,1.3727372939292284,0.4946753549376072,,1.4746009649154124,148,Adaptation_index,5,1.85,All_layer,Vip
183,LogNormal,257.24439957270886,1.3727372939292284,0.4946753549376072,,1.4746009649154124,148,Adaptation_index,6,1.85,All_layer,Vip
184,LogNormal,257.24439957270886,1.3727372939292284,0.4946753549376072,,1.4746009649154124,148,Adaptation_index,1,1.85,All_layer,Vip
